date,open,high,low,close
2020/1/2,149.52,150.98,149.52,150.91
2020/1/3,151.11,151.75,148.71,148.94
2020/1/6,148.76,148.76,147.25,147.25
2020/1/7,147.38,147.98,145.63,146.29
2020/1/8,145.97,145.98,144.9,144.91
2020/1/9,145.2,146.84,145.2,146.57
2020/1/10,146.69,147.47,146.3,146.69
2020/1/13,146.82,148.27,146.82,148.27
2020/1/14,148.38,149.62,148.38,149.62
2020/1/15,149.74,150.32,149.42,149.54
2020/1/16,149.44,149.94,149.32,149.94
2020/1/17,150.08,150.64,149.72,149.87
2020/1/20,149.96,150.61,149.96,150.37
2020/1/30,149.17,149.17,140.89,141.01
2020/1/31,141.08,142.65,139.93,141.77
2020/2/3,140.9,140.9,135.45,139.06
2020/2/4,139.23,141.92,139.23,141.89
2020/2/5,142.07,143.36,141.92,142.39
2020/2/6,142.63,144.31,142.63,144.31
2020/2/7,144.27,144.27,142.41,142.57
2020/2/10,142.17,142.51,140.29,141.6
2020/2/11,141.81,143.64,141.81,143.6
2020/2/12,143.72,145.52,143.72,145.49
2020/2/13,145.68,146.86,145.46,145.52
2020/2/14,145.48,147.26,145.48,147.26
2020/2/17,146.94,147.49,146.4,146.74
2020/2/18,146.75,147.5,145.59,145.66
2020/2/19,145.67,147.38,145.67,147.29
2020/2/20,147.53,148.52,147.53,147.91
2020/2/21,147.92,148.52,147.38,147.82
2020/2/24,147.39,147.39,146.11,146.56
2020/2/25,146.22,146.57,144.65,146.48
2020/2/26,146.26,146.48,145.11,145.3
2020/2/27,145.34,146.04,141.89,141.96
2020/3/2,141.42,142.26,139.15,141.44
2020/3/3,141.94,144.28,141.94,143.4
2020/3/4,143.35,143.53,141.78,142.68
2020/3/5,143,145.23,143,145.18
2020/3/6,145.08,145.08,144.09,144.26
2020/3/9,143.92,143.92,139.06,139.06
2020/3/10,138.67,139,135.89,139
2020/3/11,139.18,140.46,136.88,136.88
2020/3/12,136.52,136.52,128.14,128.92
2020/3/13,127.12,127.12,118.28,123.44
2020/3/16,123.44,124.45,118.28,118.28
2020/3/17,117.31,117.31,112.78,113.3
2020/3/18,113.54,114.98,111.66,111.66
2020/3/19,111.22,111.22,102.27,103.25
2020/3/20,103.87,110.25,103.87,109.53
2020/3/23,108.77,108.77,104.56,106.46
2020/3/24,107.06,112.06,107.06,111.16
2020/3/25,111.97,116.59,111.97,115.43
2020/3/26,115.6,117.36,114.22,117.36
2020/3/27,117.87,120.04,117.19,117.26
2020/3/30,116.72,117.47,114.66,117.47
2020/3/31,117.63,119.17,117.27,117.83
2020/4/1,117.84,118.6,117.39,118.6
2020/4/6,118.78,120.76,118.4,120.76
2020/4/7,121.17,123.27,121.17,123.12
2020/4/8,123.11,125.78,123.01,125.68
2020/4/9,125.91,127.44,125.03,125.31
2020/4/10,125.38,126.36,125.35,126.36
2020/4/13,126.38,127.18,125.48,126.06
2020/4/14,126.35,128.57,126.35,128.55
2020/4/15,128.85,130.58,128.85,130.16
2020/4/16,129.95,130.87,129.22,130.67
2020/4/17,131.12,133.1,130.37,130.75
2020/4/20,130.8,131.77,130.34,131.77
2020/4/21,131.69,132.26,128.48,128.73
2020/4/22,128.53,129.9,127.08,129.9
2020/4/23,130.06,131.56,130.06,131.08
2020/4/24,131.04,131.54,130.98,131.36
2020/4/27,131.59,133.2,131.59,133.12
2020/4/28,133.21,134.09,133.21,134
2020/4/29,134.18,135.72,134.18,135.54
2020/4/30,135.92,137.71,135.92,137.7
2020/5/4,137.21,137.32,135.48,137.06
2020/5/5,137.2,139.19,137.2,138.41
2020/5/6,138.55,140.02,138.55,138.68
2020/5/7,138.79,140.8,138.79,140.8
2020/5/8,140.99,142.55,140.99,141.05
2020/5/11,141.34,142.25,141.34,141.8
2020/5/12,141.83,142.78,140.64,141.43
2020/5/13,141.3,142.91,141.3,142.91
2020/5/14,142.87,143.55,140.6,140.65
2020/5/15,140.96,142.72,139.86,141.64
2020/5/18,141.48,141.84,140.65,140.97
2020/5/19,141.37,143.32,141.37,142.64
2020/5/20,142.65,143.44,142.65,143.3
2020/5/21,143.49,145.14,143.49,145.09
2020/5/22,145.03,145.6,144.15,144.15
2020/5/25,144.3,146.61,143.64,146.61
2020/5/26,146.75,148.42,146.75,146.81
2020/5/27,146.98,148.25,146.29,146.79
2020/5/28,146.97,147.98,146.15,146.53
2020/5/29,146.54,147.54,146.25,147.38
2020/6/1,147.56,149.35,147.56,149.34
2020/6/2,149.47,150.32,148.66,149.05
2020/6/3,149.43,151.18,149.43,151.03
2020/6/4,151.25,152.5,151.25,152.06
2020/6/5,152.15,153.4,152.15,153.39
2020/6/8,153.72,155.33,153.72,154.62
2020/6/9,154.7,155.44,154.17,154.56
2020/6/10,154.61,156.16,154.61,155.76
2020/6/11,155.75,156.63,152.2,152.42
2020/6/12,151.64,151.86,148.03,151.86
2020/6/15,151.93,153.13,151.41,151.41
2020/6/16,151.81,154.57,151.81,154.57
2020/6/17,154.68,156,154.68,155.75
2020/6/18,155.83,158.13,155.83,158.12
2020/6/19,158.26,159.58,158.26,158.91
2020/6/22,158.95,160.51,158.95,159.95
2020/6/23,160.12,161.31,158.78,159.29
2020/6/24,159.43,160.57,159.32,159.63
2020/6/29,159.47,160.06,158.8,158.89
2020/6/30,159.12,160.75,159.12,160.06
2020/7/1,160.06,162.44,160.06,162.3
2020/7/2,162.42,165.15,162.42,165.15
2020/7/3,165.34,167,165.03,166.5
2020/7/6,166.51,170.68,166.51,170.68
2020/7/7,171.35,173.82,169.05,170.29
2020/7/8,170.28,174.06,170.25,173.95
2020/7/9,174.22,177.29,174.22,175.94
2020/7/10,175.99,176.72,171.04,171.9
2020/7/13,172.28,173.4,171.84,172.84
2020/7/14,172.72,172.73,169.91,170.04
2020/7/15,170.3,171.1,167.8,167.86
2020/7/16,167.27,168.69,166.26,166.8
2020/7/17,166.96,167.29,162.43,162.85
2020/7/20,162.96,163,159.94,162.25
2020/7/21,162.46,164.53,162.37,163.7
2020/7/22,163.68,166.42,163.68,166.42
2020/7/23,166.31,167.84,165.01,166.21
2020/7/24,166.08,166.08,161.85,162.36
2020/7/27,162.93,164.48,160.49,160.64
2020/7/28,160.98,162.55,157.43,157.77
2020/7/29,157.84,160.61,157.71,159.61
2020/7/30,160,161.73,160,161.73
2020/7/31,161.77,163.35,161.73,163.21
2020/8/3,163.24,164.65,162.89,163.25
2020/8/4,163.38,165.01,163.38,164.98
2020/8/5,165.18,167.14,165.18,166.98
2020/8/6,167,168.22,166.03,166.11
2020/8/7,166.23,166.65,165.04,165.3
2020/8/10,165.28,165.97,163.62,164.24
2020/8/11,164.43,165.07,162.16,162.56
2020/8/12,162.5,162.91,161.27,162.91
2020/8/13,163.23,164.34,162.44,162.62
2020/8/14,162.56,164.05,162,164.05
2020/8/17,164.16,165,164.07,165
2020/8/18,165.11,165.7,163.75,164.54
2020/8/19,164.71,166.25,164.07,164.31
2020/8/20,164.12,164.32,153.57,156.73
2020/8/21,157.06,160.36,157.06,160.36
2020/8/24,160.41,161.86,160.09,161.86
2020/8/25,162.07,163.57,162.07,163.57
2020/8/26,163.71,165.67,163.71,165.63
2020/8/27,165.81,167.29,165.34,165.81
2020/8/28,165.79,166.57,165.15,165.86
2020/8/31,166.11,167.59,165.76,166.03
2020/9/1,166.06,166.75,165.26,166.35
2020/9/2,166.62,167.66,166.62,167.59
2020/9/3,167.74,168.67,167.27,167.33
2020/9/4,166.68,166.68,164.07,166.53
2020/9/7,166.82,167.99,163.97,164.17
2020/9/8,164.41,165.86,164.34,165.51
2020/9/9,165.15,165.63,163.16,165.5
2020/9/10,165.85,167.14,165.05,165.11
2020/9/11,165.16,165.52,163.32,164.17
2020/9/14,164.28,165.96,164.28,165.75
2020/9/15,165.82,167.21,165.82,166.65
2020/9/16,166.98,168.32,166.98,167.55
2020/9/17,167.55,168.66,167.47,167.64
2020/9/18,167.7,168.92,167.7,168.91
2020/9/21,168.92,169.64,167.36,167.36
2020/9/22,167.43,167.45,164.59,165.1
2020/9/23,165.28,166.5,164.65,165.16
2020/9/24,164.75,164.75,161.68,161.81
2020/9/25,162.01,163.44,156.66,158.6
2020/9/28,159.08,161.12,159.08,160.83
2020/9/29,161.12,162.18,160.52,160.52
2020/9/30,160.56,162.05,159.97,162.05
2020/10/5,162.26,162.85,162.16,162.83
2020/10/6,163.08,164.53,163.08,164.42
2020/10/7,164.34,164.76,163.81,164.21
2020/10/8,164.42,165.46,164.42,164.96
2020/10/12,165.07,165.82,164.66,164.67
2020/10/13,164.74,165.29,163.78,165.29
2020/10/14,165.38,166.46,165.33,165.8
2020/10/15,165.78,166.65,165.34,165.91
2020/10/16,166,166.77,164.66,164.75
2020/10/19,164.86,165.77,164.86,165.23
2020/10/20,165.28,166.08,165.1,165.65
2020/10/21,165.75,166.85,165.75,166.03
2020/10/22,166.08,166.48,165.25,165.57
2020/10/23,165.64,166.2,165.64,166.04
2020/10/26,166.21,166.6,164.31,164.31
2020/10/27,164.07,164.98,163.33,164.98
2020/10/28,165.06,165.96,163.65,163.79
2020/10/29,163.3,163.3,161.34,163.1
2020/10/30,163.11,163.73,161.7,161.93
2020/11/2,162.09,162.66,160.67,161.25
2020/11/3,161.58,163.08,161.58,162.65
2020/11/4,162.88,164.29,162.34,164.29
2020/11/5,164.36,165.68,164.36,165.23
2020/11/6,165.45,167.06,165.45,165.81
2020/11/9,166.28,168.13,166.28,168.13
2020/11/10,167.99,168.08,164.97,165.71
2020/11/11,165.92,166.91,165.92,166.87
2020/11/12,166.95,167.54,165.6,165.91
2020/11/13,165.92,166.67,165.69,166.67
2020/11/16,167.05,168.49,167.05,168.49
2020/11/17,168.78,169.66,168.26,168.35
2020/11/18,168.47,170.04,168.47,169.98
2020/11/19,169.99,170.66,169.85,170.47
2020/11/20,170.58,171.54,170.58,171.39
2020/11/23,171.74,173.48,171.74,173.06
2020/11/24,173.27,174.2,172.47,172.61
2020/11/25,172.94,174.11,171.5,172.22
2020/11/26,172.52,173.93,172.52,173.93
2020/11/27,174.03,175.24,173.9,175.24
2020/11/30,176.51,178.01,176.51,176.62
2020/12/1,177.92,178.8,176.57,177.93
2020/12/2,178.22,180.3,178.22,180
2020/12/3,180.01,180.91,179.14,179.81
2020/12/4,179.95,180.89,179.95,180.31
2020/12/7,180.59,181.9,178.45,179.64
2020/12/8,179.59,181.32,179.59,181.22
2020/12/9,181.62,183.87,181.62,182.66
2020/12/10,181.57,181.99,179.54,180.53
2020/12/11,180.86,181.94,177.01,179.39
2020/12/14,179.75,181.01,179.66,180.28
2020/12/15,180.48,181.02,176.78,176.93
2020/12/16,177.35,180.77,177.35,180.29
2020/12/17,180.3,181.54,178.9,179.74
2020/12/18,179.85,180.54,179.18,179.32
2020/12/21,179.52,180.17,177.59,179.36
2020/12/22,179.33,181.12,177.72,177.76
2020/12/23,177.99,179.81,177.99,179.45
2020/12/24,179.73,180.75,179.49,179.69
2020/12/25,179.86,180.9,179.6,180.49
2020/12/28,180.67,181.78,180.67,181.69
2020/12/29,181.8,183.24,181.8,182.38
2020/12/30,182.56,184.33,182.56,184.24
2020/12/31,184.48,185.71,183.62,184.1
2021/1/4,184.29,185.8,184.29,185.8
2021/1/5,185.81,186.31,184.9,185.95
2021/1/6,186.21,187.99,182.65,184.26
2021/1/7,184.66,186.13,184.47,186.13
2021/1/8,186.43,187.87,185.93,187.02
2021/1/11,187.23,189.39,187.23,188.89
2021/1/12,188.92,190.02,186.04,186.18
2021/1/13,186.44,189.05,186.44,188.66
2021/1/14,188.81,189.58,187.78,187.91
2021/1/15,188.28,190.21,184.39,184.68
2021/1/18,184.8,185.45,182.35,185.45
2021/1/19,185.67,187.28,185.67,186.45
2021/1/20,186.59,187.57,182.65,182.98
2021/1/21,183.03,185.37,183.03,184.23
2021/1/22,184.32,187.93,184.15,187.8
2021/1/25,187.88,189.51,186.55,188.03
2021/1/26,188.03,189.37,184.74,185.37
2021/1/27,185.61,187.45,185.61,186.74
2021/1/28,186.25,186.25,183.05,183.09
2021/1/29,183.47,185.02,179.54,179.54
2021/2/1,179.49,180.4,176.95,180.39
2021/2/2,180.61,183.45,180.61,183.45
2021/2/3,183.57,185.18,183.03,183.69
2021/2/4,183.69,183.69,181.69,182.83
2021/2/5,183,184.23,182.93,183.3
2021/2/17,184.16,188.1,184.16,187.84
2021/2/18,188.05,190.65,188.05,190.65
2021/2/19,190.75,193.55,190.75,193.48
2021/2/22,194.01,199.02,194.01,199.02
2021/2/23,199.15,199.71,197.12,197.89
2021/2/24,197.71,199.49,196.22,196.22
2021/2/25,196.66,200.39,196.66,197.83
2021/2/26,197.19,197.19,194.29,195.07
2021/3/2,195.61,198.77,193.32,193.32
2021/3/3,193.54,194.85,191.17,194.1
2021/3/4,193.97,194.14,191.25,192.12
2021/3/5,191.96,193.64,190.38,192.62
2021/3/8,192.98,194.93,191.47,191.47
2021/3/9,191.55,191.69,188.06,190.2
2021/3/10,190.47,192.53,190.47,191.74
2021/3/11,191.85,195.45,191.85,195.31
2021/3/12,195.38,197.29,195.38,196.04
2021/3/15,196.17,197.77,196.17,197.57
2021/3/16,197.79,199.85,197.79,199.11
2021/3/17,199.25,200.5,198.98,199.4
2021/3/18,199.69,201.43,199.69,200.89
2021/3/19,200.75,200.75,199.25,199.88
2021/3/22,199.91,201.42,199.22,200.43
2021/3/23,200.69,202,199.36,199.38
2021/3/24,199.32,200.8,198.91,200.34
2021/3/25,200.49,201.2,199.33,199.59
2021/3/26,199.78,201.97,199.78,201.78
2021/3/29,202.15,205.02,202.15,204.34
2021/3/30,204.51,206.16,204.51,206.16
2021/3/31,206.24,207.23,206.07,206.29
2021/4/1,206.65,208.3,206.65,207.39
2021/4/6,207.79,209.81,207.79,209.7
2021/4/7,210.03,211.39,209.85,211.38
2021/4/8,211.65,214.36,211.65,213.8
2021/4/9,213.98,215.12,211.92,213.31
2021/4/12,213.84,215.77,212.37,212.47
2021/4/13,212.74,213.76,209.39,209.39
2021/4/14,209.57,210.84,201.31,206.26
2021/4/15,206.34,209.59,205.96,209.59
2021/4/16,209.8,211.37,209.8,210.74
2021/4/19,211.03,211.92,210.32,211.21
2021/4/20,211.33,214.28,210.91,213.62
2021/4/21,213.58,214.87,212.98,213.02
2021/4/22,213.41,215.24,206.48,206.99
2021/4/23,207.27,210.84,207.27,210.84
2021/4/26,211.34,213.26,211.34,212.95
2021/4/27,213.17,215.02,212.89,214.49
2021/4/28,214.6,215.35,213.38,213.77
2021/4/29,214.26,216.32,214.14,215.08
2021/5/3,215.16,215.25,208.79,208.86
2021/5/4,209.03,210.27,196.73,202.45
2021/5/5,202.16,203.32,198.56,198.56
2021/5/6,198.8,201.6,195.8,197.71
2021/5/7,198.34,204.39,198.34,204.39
2021/5/10,204.59,205.28,201.93,201.93
2021/5/11,201.17,201.17,191.71,193.04
2021/5/12,192.83,195.29,180.16,185.15
2021/5/13,184.35,188.98,180.98,187.03
2021/5/14,187.54,191.61,186.04,187.05
2021/5/17,185.3,186.15,178.55,181.11
2021/5/18,181.49,188.95,181.49,188.95
2021/5/19,188.7,190.46,187.31,189.08
2021/5/20,189.1,190.35,187.13,187.2
2021/5/21,187.66,190.87,187.66,190.87
2021/5/24,190.8,193.05,190.06,192.8
2021/5/25,193.04,198.18,193.04,197.02
2021/5/26,197.1,198.7,197.02,198.03
2021/5/27,198.03,198.99,197.27,198.61
2021/5/28,199.05,201.27,199.05,200.65
2021/5/31,201.01,202.63,200.69,201.87
2021/6/1,201.65,203.35,201.65,203.26
2021/6/2,203.03,203.89,199.49,200.49
2021/6/3,200.41,202.78,200.41,202.52
2021/6/4,202.28,202.28,200.87,201
2021/6/7,200.94,201.81,197.48,200.98
2021/6/8,200.97,203.78,200.97,202.62
2021/6/9,202.78,204.82,202.78,203.5
2021/6/10,203.63,206.93,203.63,206.79
2021/6/11,207.13,208.44,206.36,206.59
2021/6/15,207.02,208.93,207.02,208.74
2021/6/16,208.48,209.02,206.37,206.54
2021/6/17,206.15,209.38,205.72,209.38
2021/6/18,209.46,211.25,209.46,209.91
2021/6/21,209.71,209.71,207.15,207.75
2021/6/22,208.09,210.31,206.99,207.26
2021/6/23,207.6,210.94,207.6,210.71
2021/6/24,210.9,212.37,210.9,212.37
2021/6/25,212.6,214.06,212.36,212.4
2021/6/28,212.65,213.68,212.23,213.26
2021/6/29,213.35,214.86,212,212.29
2021/6/30,212.47,214.86,212.47,214.12
2021/7/1,214.25,215.09,210.96,211.32
2021/7/2,211.41,213.83,211.41,213.68
2021/7/5,213.93,216.83,213.93,216.59
2021/7/6,216.79,217.65,215.26,215.3
2021/7/7,215.27,217.37,215.23,216.37
2021/7/8,216.53,218.21,216.17,217.02
2021/7/9,216.82,217.26,215.51,215.85
2021/7/12,216.26,219.4,216.26,219.32
2021/7/13,219.58,222.17,217.33,218.09
2021/7/14,218.21,219.92,215.46,217.97
2021/7/15,217.99,220.91,217.99,220.84
2021/7/16,220.6,222.18,219.45,221
2021/7/19,221,222.57,220.75,221.96
2021/7/20,221.84,222.79,219.27,219.77
2021/7/21,220.4,223.3,218.94,219.95
2021/7/22,220.1,222.81,220.1,221.05
2021/7/23,221.14,223.24,219.78,220.77
2021/7/26,221.15,224.66,221.15,223.96
2021/7/27,224.01,225.05,219.79,219.79
2021/7/28,219.45,219.71,210.52,214.88
2021/7/29,215.16,219.31,215.16,219.14
2021/7/30,218.96,220.74,217.2,217.39
2021/8/2,217.58,219.97,217.58,219.97
2021/8/3,220.03,221.74,220.03,220.98
2021/8/4,221.09,223.49,221.09,222.2
2021/8/5,222.22,224.4,222.22,223.97
2021/8/6,223.95,224.69,222.2,222.45
2021/8/9,222.21,222.21,217.34,217.34
2021/8/10,217.14,217.97,213.97,214.96
2021/8/11,214.85,214.85,208.98,210.31
2021/8/12,210.34,212.35,210.34,212.02
2021/8/13,211.83,212.26,207.05,207.2
2021/8/16,207,207.98,202.36,204.98
2021/8/17,204.97,205.77,200.85,201.06
2021/8/18,200.67,205.43,197.95,205.43
2021/8/19,205.13,205.13,200.6,200.6
2021/8/20,200.59,202.15,199.27,200.98
2021/8/23,201.04,206.44,201.04,206.08
2021/8/24,206.37,208.25,205.23,205.61
2021/8/25,205.52,210.91,205.52,210.01
2021/8/26,210.14,211.92,209.54,210.07
2021/8/27,209.95,212.04,209.45,211.14
2021/8/30,211.25,213.39,211.25,213.08
2021/8/31,213.09,214.02,211.88,214.02
2021/9/1,214.02,216.48,214.02,216.43
2021/9/2,216.41,218.63,214.57,214.57
2021/9/3,214.79,216.93,214.79,216.36
2021/9/6,216.39,217.82,214.54,214.67
2021/9/7,214.77,215.85,211.21,212.92
2021/9/8,212.93,213.45,208.46,208.82
2021/9/9,208.65,211.77,208.11,211.77
2021/9/10,211.92,214.63,211.92,214.63
2021/9/13,214.55,214.97,212.28,212.28
2021/9/14,212.33,213.71,212.06,212.13
2021/9/15,212.12,212.82,209.89,210.49
2021/9/16,210.51,211.85,209.4,209.61
2021/9/17,209.62,211.37,209.02,211.31
2021/9/22,210.6,210.6,206.85,207.81
2021/9/23,208.31,211.57,208.31,210.75
2021/9/24,211.03,213.13,211.03,213.1
2021/9/27,213.2,213.75,212.32,212.53
2021/9/28,212.51,212.51,210.08,210.59
2021/9/29,209.91,209.91,203.95,204.1
2021/9/30,204.27,206.59,203.94,206.59
2021/10/1,206.37,206.37,200.57,201.19
2021/10/4,201.28,203.17,196.58,196.65
2021/10/5,196.08,198.95,191.82,198.92
2021/10/6,199.03,200.74,196.78,196.99
2021/10/7,197.45,202.66,197.45,202.58
2021/10/8,202.83,204.7,202.47,203.12
2021/10/12,203.08,203.08,200.58,200.8
2021/10/13,201.02,201.66,196.74,196.74
2021/10/14,197.29,199.53,196.76,198.27
2021/10/15,198.96,202.56,198.96,202.09
2021/10/18,202.27,203.17,201.64,202.41
2021/10/19,202.55,206.1,202.55,205.97
2021/10/20,206.02,207.72,206.02,206.99
2021/10/21,207.19,209.82,207.14,207.33
2021/10/22,207.51,208.66,206.78,208.27
2021/10/25,208.21,208.63,207.27,208.36
2021/10/26,208.62,210.52,208.62,208.74
2021/10/27,209.15,212.39,209.15,212.34
2021/10/28,212.55,213.52,211.99,212.49
2021/10/29,213.46,215.36,213.36,214.43
2021/11/1,214.7,217.89,214.7,217.52
2021/11/2,218,220.41,214.79,215.36
2021/11/3,215.81,217.23,213.85,215.73
2021/11/4,216.21,217.66,214.78,214.78
2021/11/5,214.93,216.53,214.68,215.9
2021/11/8,215.99,216.6,214.62,214.81
2021/11/9,215.32,217.71,215.32,216.93
2021/11/10,217.03,217.64,216.14,217.51
2021/11/11,217.37,218.84,216.74,217.39
2021/11/12,217.69,219.97,217.69,218.43
2021/11/15,218.81,221.67,218.81,221.19
2021/11/16,221.43,223.42,221.43,222.09
2021/11/17,222.43,224.3,222.21,224.07
2021/11/18,224.42,226.25,224.42,225.48
2021/11/19,226.22,227.89,225.24,225.74
2021/11/22,226.09,229.36,226.09,229.18
2021/11/23,229.17,229.52,225.58,225.81
2021/11/24,226.13,228.52,225.85,227.03
2021/11/25,227.21,228.41,226.08,226.27
2021/11/26,226,226.13,221.49,222.65
2021/11/29,222.43,224.85,219.56,223.84
2021/11/30,224.61,227.84,224.61,226.29
2021/12/1,225.8,226.69,224.96,226.56
2021/12/2,226.43,228.22,225.04,225.67
2021/12/3,226.19,228.13,226.19,227.88
2021/12/6,227.79,228.76,227.3,228.07
2021/12/7,228.14,229.27,227.05,227.87
2021/12/8,228.48,230.96,228.48,229.85
2021/12/9,229.96,230.88,229.2,229.77
2021/12/10,229.58,230.9,229,230.4
2021/12/13,230.78,232.11,230.62,230.98
2021/12/14,230.97,231.29,226.52,226.83
2021/12/15,227.09,229.34,226.79,229.19
2021/12/16,229.84,233.05,229.84,232.69
2021/12/17,232.36,232.36,229.99,230.45
2021/12/20,230.58,231.21,228.38,228.47
2021/12/21,228.56,230.42,228.02,230.28
2021/12/22,230.46,232.46,230.46,231.87
2021/12/23,232.15,234.09,232.15,233.35
2021/12/24,233.78,235.29,233,233.2
2021/12/27,233.33,234.65,233.29,233.85
2021/12/28,234.28,235.72,234.28,235.22
2021/12/29,235.28,236.54,235.28,236.27
2021/12/30,236.48,237.71,236.48,237.55
2022/1/3,237.91,238.92,235.31,235.4
2022/1/4,235.88,237.2,235.46,235.53
2022/1/5,235.65,235.69,232.99,233.22
2022/1/6,232.68,232.68,230.42,231.22
2022/1/7,231.43,232.22,225.59,226.61
2022/1/10,226.1,227.64,224.94,227.64
2022/1/11,227.66,228.03,223.62,224
2022/1/12,224.42,226.88,223.64,224.49
2022/1/13,224.45,225.38,223.28,224.02
2022/1/14,223.6,223.64,219.07,222.04
2022/1/17,222.12,224.18,221.63,224.18
2022/1/18,224.1,226.02,223.73,223.79
2022/1/19,223.23,223.23,221.22,222.04
2022/1/20,222.01,222.67,221.14,222.11
2022/1/21,221.6,221.6,217.59,217.66
2022/1/24,217.44,218.36,213.39,218.19
2022/1/25,217.9,217.94,214.95,214.97
2022/1/26,214.9,216.15,213.97,215.03
2022/2/7,215.6,216.99,214.46,216.99
2022/2/8,216.92,218.75,216.92,218.65
2022/2/9,218.8,221.16,218.8,221
2022/2/10,221.41,223.01,221.28,222.15
2022/2/11,221.69,222.72,220.43,222.1
2022/2/14,221.14,221.14,216.65,216.81
2022/2/15,217.02,219.95,217.02,217.65
2022/2/16,218.44,221.49,218.44,220.67
2022/2/17,220.8,221.73,219.35,220.07
2022/2/18,219.63,221.17,218.13,221.17
2022/2/21,221.08,221.48,220.29,220.91
2022/2/22,220.71,220.71,215.4,216.78
2022/2/23,216.92,218.77,216.92,218.65
2022/2/24,218.33,218.33,211.39,211.97
2022/2/25,212.6,215.58,212.6,214.81
2022/3/1,215.36,218.4,215.36,218.4
2022/3/2,218.38,219.01,216.82,219.01
2022/3/3,219.31,221.57,219.31,219.55
2022/3/4,219.35,219.35,217.03,217.09
2022/3/7,216.73,216.73,207.65,208.56
2022/3/8,207.66,209.08,203.22,203.36
2022/3/9,204.11,207.33,204.11,207.03
2022/3/10,208.05,212.14,208.05,211.06
2022/3/11,211,211,209.03,209.8
2022/3/14,209.94,211.45,208.74,209.84
2022/3/15,209.79,209.79,203.18,203.18
2022/3/16,203.66,206.63,203.23,204.17
2022/3/17,205.15,211.7,205.15,211.47
2022/3/18,211.61,213.23,211.09,213.23
2022/3/21,213.55,214.71,213.48,213.66
2022/3/22,213.77,214.79,213.65,214.79
2022/3/23,215.19,217.45,215.19,216.79
2022/3/24,216.73,217.66,215.68,217.63
2022/3/25,217.77,218.8,216.28,216.34
2022/3/28,216.01,216.03,213.73,215.42
2022/3/29,215.66,217.08,215.66,216.95
2022/3/30,217.11,219.15,217.11,218.35
2022/3/31,218.45,218.82,216.94,217.06
2022/4/1,216.66,216.66,214.56,216.55
2022/4/6,216.09,216.09,214.02,215.05
2022/4/7,214.84,214.95,210.25,210.25
2022/4/8,210.67,212.09,210.6,211.27
2022/4/11,211.33,211.79,206.65,206.91
2022/4/12,206.65,207.04,204.57,205.29
2022/4/13,205.68,207.94,205.68,207.78
2022/4/14,207.83,208.8,207.42,207.93
2022/4/15,207.7,207.7,204.06,204.31
2022/4/18,204.22,205.82,203.2,204.11
2022/4/19,204.59,206.62,204.59,204.76
2022/4/20,205.34,206.65,204.77,205.5
2022/4/21,205.75,207.23,205.75,206.86
2022/4/22,206.49,206.49,203.44,203.51
2022/4/25,202.76,202.76,196.06,196.06
2022/4/26,196.64,198.12,194.35,194.66
2022/4/27,193.15,193.15,188.1,192.07
2022/4/28,192.17,194.89,191.98,193.45
2022/4/29,193.96,196.93,193.96,194.82
2022/5/3,194.85,195.73,194.24,195.17
2022/5/4,195.21,196.84,194.76,195.17
2022/5/5,195.94,199.12,195.94,198.55
2022/5/6,197.54,197.54,193.98,196.17
2022/5/9,196.04,196.04,190.99,190.99
2022/5/10,190.38,192.34,187.45,192.34
2022/5/11,192.45,193.52,191.18,191.93
2022/5/12,191.74,191.91,188.02,188.04
2022/5/13,188.47,192.54,188.47,192.28
2022/5/16,192.82,195.21,192.52,192.81
2022/5/17,193.02,195.99,193.02,195.99
2022/5/18,196.43,198.18,196.43,197.74
2022/5/19,196.67,197.11,193.53,197.11
2022/5/20,197.1,198.37,196.66,197.66
2022/5/23,197.9,199.06,197.02,197.04
2022/5/24,197.11,197.71,192.58,192.58
2022/5/25,192.77,194.95,192.69,194.68
2022/5/26,194.88,195.73,193.26,193.32
2022/5/27,193.75,197.04,193.75,196.91
2022/5/30,197.59,201.12,197.59,201.12
2022/5/31,201.05,202.56,200.71,202.48
2022/6/1,202.44,204.38,202.44,203.57
2022/6/2,203.42,204.01,202.7,202.85
2022/6/6,203.13,203.82,202.14,202.69
2022/6/7,202.53,203.2,202.08,202.53
2022/6/8,202.74,203.93,202.74,203.14
2022/6/9,203.07,204.88,203.04,204.82
2022/6/10,204.42,205.23,203.38,205.23
2022/6/13,204.05,204.05,199.76,199.76
2022/6/14,199.24,199.34,195.49,199.25
2022/6/15,199.18,200.73,198.41,198.63
2022/6/16,199.33,201.5,195.21,195.21
2022/6/17,194.45,194.45,190.73,192.89
2022/6/20,193,193.37,186.37,186.37
2022/6/21,187.02,191.09,187.02,191.09
2022/6/22,191.01,191.31,185.43,185.54
2022/6/23,185.99,187.55,183.83,185.54
2022/6/24,185.97,188.08,185.97,187.01
2022/6/27,187.55,191.6,187.55,191.35
2022/6/28,191.13,191.19,187.64,187.91
2022/6/29,187.42,187.84,185.76,187.67
2022/6/30,187.19,187.19,180.89,181.09
2022/7/1,180.71,180.91,173.03,173.03
2022/7/4,172.36,173.64,170.18,170.88
2022/7/5,172,174.07,169.81,173.18
2022/7/6,173.01,173.03,167.78,167.78
2022/7/7,168,171.87,166.23,171.82
2022/7/8,172.45,176.2,172.45,174.67
2022/7/11,174.66,175.51,173.04,174.06
2022/7/12,173.26,173.26,168.37,169.09
2022/7/13,169.96,172.94,169.96,171.03
2022/7/14,170.69,174.03,169.64,174.03
2022/7/15,173.96,175.73,173.2,175.73
2022/7/18,175.85,178.75,175.85,178.75
2022/7/19,178.34,179.18,177.58,178.37
2022/7/20,179.08,181.58,179.08,180.22
2022/7/21,180.45,183.58,180.45,183.58
2022/7/22,183.7,185.47,182.84,183.43
2022/7/25,183.14,183.6,182.27,182.96
2022/7/26,182.98,182.98,180.06,180.45
2022/7/27,180.17,182.07,179.16,182.07
2022/7/28,182.49,183.82,181.45,181.66
2022/7/29,182.18,183.91,182.18,183.58
2022/8/1,183.55,183.62,182.42,182.75
2022/8/2,182.03,182.03,178.42,179.3
2022/8/3,179.05,180.33,177.83,178.17
2022/8/4,177.8,178.39,175.59,178.18
2022/8/5,178.46,182.37,178.46,182.37
2022/8/8,182.2,182.95,180.84,182.95
2022/8/9,182.49,183.62,181.68,183.52
2022/8/10,182.99,183.12,182.1,182.12
2022/8/11,183.13,185.19,183.13,184.49
2022/8/12,184.75,186.64,184.75,186.55
2022/8/15,186.82,190.01,186.49,189.91
2022/8/16,189.99,191.56,189.99,190.4
2022/8/17,190.6,191.93,190.5,191.32
2022/8/18,191.12,193.66,190.42,193.57
2022/8/19,194.18,195.67,194.18,195.07
2022/8/22,195.13,195.95,193.69,193.92
2022/8/23,194.05,194.07,192.45,193.96
2022/8/24,194.68,196.09,194.68,194.79
2022/8/25,195.13,197.79,195.13,197.49
2022/8/26,197.94,199.99,197.94,198.53
2022/8/29,196.76,196.76,193,195.05
2022/8/30,195.32,197.88,195.32,197.69
2022/8/31,197.76,199.66,197.44,199.37
2022/9/1,199.06,199.06,195.97,196.53
2022/9/2,196.93,198.19,196.23,196.69
2022/9/5,196.97,197.63,193.73,193.73
2022/9/6,194.08,194.94,189.84,190.81
2022/9/7,190.29,190.29,187.14,188.93
2022/9/8,189.34,192.97,189.34,192.97
2022/9/12,193.45,195.38,193.45,194.82
2022/9/13,195.08,196.28,194.97,195.25
2022/9/14,193.98,195.06,190.93,195.06
2022/9/15,195.32,196.78,193.89,193.89
2022/9/16,193.71,193.84,191.28,191.48
2022/9/19,191.64,191.82,188.59,188.83
2022/9/20,189.21,190.59,189.21,190.04
2022/9/21,189.87,190.1,187.9,188.31
2022/9/22,187.94,188.86,186.12,188.76
2022/9/23,188.66,189.59,184.01,184.74
2022/9/26,184.01,184.01,176.43,176.87
2022/9/27,177.22,178,174.38,177.95
2022/9/28,177.97,177.97,169.6,169.6
2022/9/29,170.72,174.16,170.41,171.95
2022/9/30,171.11,173.42,168.08,173.42
2022/10/3,172.84,173.83,171.12,172.4
2022/10/4,173.28,176.91,173.28,176.9
2022/10/5,177.4,179.68,177.05,177.48
2022/10/6,177.75,178.2,176.44,178.19
2022/10/7,178.06,178.44,176.51,176.71
2022/10/11,175.52,175.52,168.33,168.44
2022/10/12,168.45,169.58,166.85,168.99
2022/10/13,169.08,169.46,162.27,162.63
2022/10/14,163.97,169.11,163.97,167.45
2022/10/17,166.75,166.75,161.98,166.54
2022/10/18,167.04,168.79,166.01,167.32
2022/10/19,167.41,168.62,165.85,165.85
2022/10/20,165.54,165.54,162.97,164.52
2022/10/21,164.56,164.6,161.62,161.62
2022/10/24,162.38,165.18,162.37,162.37
2022/10/25,162.53,162.86,159.1,159.26
2022/10/26,159.49,159.99,158.16,159.28
2022/10/27,159.44,163.98,159.44,163.98
2022/10/28,163.74,163.74,161.83,162.24
2022/10/31,162.7,164.68,162.7,164.38
2022/11/1,164.43,166.91,164.3,166.82
2022/11/2,166.74,168.97,166.72,168.93
2022/11/3,168.53,170.38,167.14,170.3
2022/11/4,170.11,171.66,169.47,171.66
2022/11/7,172.07,173.7,171.95,172.95
2022/11/8,173.35,175.81,172.74,172.75
2022/11/9,173.27,175.38,173.27,175.3
2022/11/10,175.24,176.17,174.65,175.09
2022/11/11,176.8,181.32,176.8,179.04
2022/11/14,179.32,180.45,179.32,180.45
2022/11/15,180.6,181.66,180.33,181.66
2022/11/16,181.85,183.31,180.75,183.31
2022/11/17,183.36,185.11,183.15,185.11
2022/11/18,185.28,186.03,183.61,183.85
2022/11/21,184.02,184.97,183.22,183.37
2022/11/22,183.41,183.68,182.33,182.83
2022/11/23,183.35,184.74,183.35,184.35
2022/11/24,184.61,186.54,184.61,186.54
2022/11/25,186.65,187.43,184.34,184.34
2022/11/28,184.03,185.65,182.83,185.39
2022/11/29,185.25,185.25,183.93,184.93
2022/11/30,185.07,187.37,185.07,187.37
2022/12/1,188.13,190.62,188.13,190.33
2022/12/2,190.23,192.02,190.23,191.88
2022/12/5,192.15,193.6,192.15,192.98
2022/12/6,193.05,193.88,189.78,190.04
2022/12/7,190.07,190.58,186.51,187.27
2022/12/8,187.34,188.16,186.96,187.85
2022/12/9,188.18,189.38,188.02,188.14
2022/12/12,187.89,187.89,185.85,187.43
2022/12/13,187.65,188.79,186.29,186.29
2022/12/14,186.6,189.41,186.6,189.41
2022/12/15,189.3,190.23,188.99,189.3
2022/12/16,188.67,188.67,186.48,186.56
2022/12/19,186.46,187.46,186.03,186.55
2022/12/20,186.41,187.46,180.92,180.92
2022/12/21,181.13,183.06,181.13,181.51
2022/12/22,182.12,183.81,182.12,183.54
2022/12/23,183.16,183.16,181.34,182.84
2022/12/26,182.97,183.56,182.55,182.55
2022/12/27,182.81,183.93,182.81,183.45
2022/12/28,183.18,183.18,180.13,180.13
2022/12/29,179.81,180.61,178.44,180.52
2022/12/30,180.83,182.1,180.34,180.34
2023/1/3,180.35,182.53,180.32,182.53
2023/1/4,182.48,184.01,182.45,183.47
2023/1/5,183.76,185.49,183.69,183.76
2023/1/6,184.29,185.74,184.17,185.74
2023/1/9,186.29,188.26,186.29,188.26
2023/1/10,188.3,189.08,187.73,188.05
2023/1/11,188.25,188.97,188.06,188.52
2023/1/12,188.5,188.87,186.79,186.85
2023/1/13,187.22,188.47,186.18,186.22
2023/1/16,186.31,187.82,186.31,187.82
2023/1/17,187.89,188.63,187.63,188.5
2023/1/30,189.57,193.25,189.57,193.23
2023/1/31,193.24,194.79,193.12,194.79
2023/2/1,194.97,196.54,194.97,196.54
2023/2/2,196.88,199.94,196.88,199.83
2023/2/3,199.91,200.89,198.98,200.16
2023/2/6,200.04,200.04,198.87,198.92
2023/2/7,198.88,200.81,198.88,200.81
2023/2/8,201.14,203.29,201.14,202.69
2023/2/9,202.64,203.69,202.33,202.34
2023/2/10,202.43,202.9,200.26,200.42
2023/2/13,200.41,200.52,199.35,199.47
2023/2/14,199.79,200.86,199.79,200
2023/2/15,199.92,200.61,198.49,199.01
2023/2/16,199.29,202.32,199.29,202.12
2023/2/17,201.99,202.68,201.43,202.6
2023/2/20,203.17,204.35,203.17,203.94
2023/2/21,204.19,205.78,204.19,205.57
2023/2/22,205.12,205.12,202.04,203.24
2023/2/23,203.45,207.05,203.45,206.8
2023/2/24,207.08,208.18,205.5,205.87
2023/3/1,205.52,207.06,204.84,206.99
2023/3/2,207.11,207.82,206.51,207.44
2023/3/3,207.81,209.31,207.77,208.02
2023/3/6,208.47,211.17,208.47,210.79
2023/3/7,210.82,211.92,210.82,211.14
2023/3/8,210.94,212.03,209.94,211.83
2023/3/9,212.05,213.28,211.81,211.83
2023/3/10,211.35,211.35,206.19,206.72
2023/3/13,206.35,206.35,201.84,205.38
2023/3/14,205.1,205.78,203.61,203.61
2023/3/15,204.23,207.14,204.23,205.07
2023/3/16,205.01,205.55,202.12,203.04
2023/3/17,203.83,206.6,203.83,206.45
2023/3/20,206.63,208.22,206.5,207.66
2023/3/21,208.13,209.41,208.13,208.19
2023/3/22,208.69,211.58,208.69,211.33
2023/3/23,211.38,212.78,210.76,212.54
2023/3/24,212.83,214.15,212.83,213.6
2023/3/27,213.8,214.91,213.54,213.91
2023/3/28,214.12,214.99,210.65,210.93
2023/3/29,211.1,212.47,209.69,210.3
2023/3/30,210.64,212.65,210.64,212.15
2023/3/31,212.32,213.02,212.32,212.65
2023/4/6,212.53,213.02,211.45,212.19
2023/4/7,212.34,213.42,212.34,213.02
2023/4/10,213.27,215.2,213.27,214.29
2023/4/11,214.67,215.97,214.61,215.71
2023/4/12,215.88,216.95,215.88,216.61
2023/4/13,216.63,217,215.55,215.62
2023/4/14,215.94,217.08,215.94,216.33
2023/4/17,216.49,218.34,216.49,218.04
2023/4/18,218.3,219.21,216.82,216.96
2023/4/19,217.13,218.35,217.13,217.15
2023/4/20,217.32,217.76,212.97,212.97
2023/4/21,213.2,214.05,208.2,208.29
2023/4/24,208.21,210.7,207.96,209.94
2023/4/25,210.05,210.99,204.14,204.77
2023/4/26,204.28,204.98,202.01,204.91
2023/4/27,205.07,206.95,203.61,205.95
2023/4/28,206.68,209.61,206.68,209.33
2023/5/2,209.59,212.5,209.59,212.39
2023/5/3,212.26,212.43,211.1,211.3
2023/5/4,211.39,212.74,210.81,212.42
2023/5/5,212.57,214.13,212.57,213.05
2023/5/8,213.54,214.59,213.06,213.06
2023/5/9,213.15,213.55,209.98,210.08
2023/5/10,210.1,210.34,209.17,210.13
2023/5/11,210.14,210.49,205.69,205.69
2023/5/12,205.47,207.22,204.33,206.89
2023/5/15,206.81,206.96,204.35,204.87
2023/5/16,205.26,207.56,205.26,206.95
2023/5/17,207.11,209.72,207.11,209.4
2023/5/18,209.87,211.3,209.87,210.06
2023/5/19,210.28,211.07,209.45,209.5
2023/5/22,209.62,211.65,209.62,211.29
2023/5/23,211.46,213.64,211.46,213.24
2023/5/24,213.28,213.36,211.78,212.6
2023/5/25,212.8,213.8,212,212.28
2023/5/26,212.75,214.08,212.66,212.73
2023/5/29,213.26,216.41,213.26,215.98
2023/5/30,216.14,216.67,214.87,215.11
2023/5/31,215.3,216.58,215.3,215.97
2023/6/1,215.95,216.92,215.54,216.72
2023/6/2,217.06,218.85,217.06,218.16
2023/6/5,218.56,220.92,218.56,220.09
2023/6/6,220.25,220.95,218.59,219.29
2023/6/7,219.57,222.26,219.57,222.14
2023/6/8,222.12,222.27,219.6,219.74
2023/6/9,220.14,222.5,220.14,222.32
2023/6/12,222.56,223.01,221.01,221.13
2023/6/13,221.79,224.2,221.79,224.07
2023/6/14,224.15,225.05,223.27,223.39
2023/6/15,223.61,224.69,223.47,224.16
2023/6/16,224.23,224.98,223.3,223.81
2023/6/19,223.88,224.85,223.12,223.99
2023/6/20,223.93,224.31,222.59,223.49
2023/6/21,223.59,223.9,222.58,222.73
2023/6/26,222.6,222.6,219.79,220.77
2023/6/27,220.58,222.87,219.73,219.73
2023/6/28,220.05,222.02,220.05,220.64
2023/6/29,220.72,223.44,220.72,222.57
2023/6/30,222.72,224.09,222.35,223.94
2023/7/3,224.05,226.1,224.05,225.67
2023/7/4,225.7,226.77,224.97,226.15
2023/7/5,225.93,227.19,225.52,226.32
2023/7/6,225.86,227.48,224.6,224.67
2023/7/7,224.31,224.31,220.59,221.82
2023/7/10,222.03,222.94,220.8,220.85
2023/7/11,221.18,222.62,221.18,221.91
2023/7/12,222.07,222.66,221.06,221.14
2023/7/13,221.32,223.23,220.71,220.71
2023/7/14,221.13,224.5,221.13,224.38
2023/7/17,224.22,225.97,224.05,225.15
2023/7/18,225.25,226.7,221.97,223.17
2023/7/19,223.17,226.33,222.86,222.86
2023/7/20,222.94,224.63,222.94,224.48
2023/7/21,223.85,223.85,221.8,223.16
2023/7/24,223.01,224,220.86,221.53
2023/7/25,221.5,223.81,221.5,222.88
2023/7/26,223.09,223.72,219.55,219.58
2023/7/27,219.61,222.45,219.61,221.81
2023/7/28,221.95,223.84,221.3,223.79
2023/7/31,224.26,226.01,220.98,221.69
2023/8/1,221.89,223.53,219.71,220.26
2023/8/2,220.27,220.89,214.7,215.37
2023/8/4,215.47,217.14,213.98,216.85
2023/8/7,216.91,218.14,216.14,218.08
2023/8/8,218.18,218.71,215.87,215.98
2023/8/9,215.93,216.39,214.74,215
2023/8/10,214.92,214.92,210.35,210.51
2023/8/11,210.65,212.19,210.17,210.25
2023/8/14,210.06,210.06,204.38,205.44
2023/8/15,205.76,207.78,205.76,207.24
2023/8/16,206.94,207.83,205.31,207.59
2023/8/17,207.44,210.39,206.16,210.39
2023/8/18,210.3,211.17,207.57,208.15
2023/8/21,208.29,209.48,207.81,208.26
2023/8/22,208.49,210.01,207.51,207.51
2023/8/23,207.58,208.31,207.2,208.15
2023/8/24,208.44,210.64,208.4,208.92
2023/8/25,208.68,208.89,207.41,207.89
2023/8/28,208.06,208.78,207.12,207.28
2023/8/29,207.41,209.18,207.41,209.17
2023/8/30,209.38,212.44,209.38,211.92
2023/8/31,212.02,213.28,212.02,213.28
2023/9/1,213.43,214.9,213.43,213.68
2023/9/4,213.69,215,213.44,215
2023/9/5,214.96,216.35,214.87,216.19
2023/9/6,216.39,217.14,216.21,216.48
2023/9/7,216.4,217.01,215.71,215.78
2023/9/8,215.81,215.81,213.88,214.33
2023/9/11,214.44,214.95,212.16,212.16
2023/9/12,212.33,213.66,212.11,213.04
2023/9/13,213.05,215.09,213.05,215.09
2023/9/14,215.28,218.72,215.28,218.7
2023/9/15,218.79,219.4,218.3,219
2023/9/18,218.81,219.32,217.99,217.99
2023/9/19,218.1,219.06,216.28,216.28
2023/9/20,216.41,216.8,214.06,214.09
2023/9/21,213.94,213.94,211,211.16
2023/9/22,211.06,213.23,209.58,213.23
2023/9/25,213.34,215.5,213.34,214.8
2023/9/26,214.69,214.96,212.14,212.14
2023/9/27,212.08,212.67,211.47,212.52
2023/9/28,212.66,214.34,212.66,213.1
2023/10/2,213.45,216,213.45,215.86
2023/10/3,215.91,216.74,214.74,214.75
2023/10/4,214.49,214.49,212.24,213.78
2023/10/5,214.1,216.39,214.1,216.01
2023/10/6,216.11,216.97,215.89,215.95
2023/10/11,215.95,217.51,213.99,213.99
2023/10/12,214.28,216.61,214.28,216.61
2023/10/13,216.58,217.15,216.12,216.23
2023/10/16,216.19,216.19,214.59,214.59
2023/10/17,214.88,216.6,214.2,214.2
2023/10/18,214.25,214.53,211.4,211.46
2023/10/19,211.34,213.4,211,213.3
2023/10/20,213.2,213.2,210.29,211.82
2023/10/23,211.74,212.95,210.79,210.79
2023/10/24,210.9,212.8,210.53,212.8
2023/10/25,212.98,215.77,212.98,214.73
2023/10/26,214.43,214.43,210.23,210.23
2023/10/27,210.45,212.9,210.45,211.88
2023/10/30,212,213.8,212,213.17
2023/10/31,213.28,214.27,209.53,209.65
2023/11/1,209.96,212.01,209.96,211.82
2023/11/2,212.18,214.51,212.18,214.51
2023/11/3,214.77,216.03,214.77,215.14
2023/11/6,215.49,218.67,215.49,218.62
2023/11/7,218.61,219.86,218.61,219.48
2023/11/8,219.62,220.51,219.45,219.8
2023/11/9,219.92,220.19,218.9,219.58
2023/11/10,219.53,220.31,217.86,217.86
2023/11/13,218.15,219.61,218.15,218.34
2023/11/14,218.48,219.39,218.31,219.08
2023/11/15,219.47,221.61,219.47,220.5
2023/11/16,220.63,221.55,220.4,221.55
2023/11/17,221.67,222.75,221.67,222.75
2023/11/20,222.92,223.76,222.92,223.45
2023/11/21,223.64,224.82,223.64,224.24
2023/11/22,224.23,226.08,224.09,226.02
2023/11/23,226.28,228.01,226.15,226.33
2023/11/24,226.55,227.48,226.47,226.64
2023/11/27,226.81,227.83,224.73,224.73
2023/11/28,224.99,228.92,224.99,228.92
2023/11/29,229.1,230.88,229.1,230.88
2023/11/30,231.05,232.39,231.04,231.74
2023/12/1,231.81,232.58,231.59,232.11
2023/12/4,232.38,234.32,232.38,233.01
2023/12/5,232.96,232.96,230.84,231.35
2023/12/6,231.34,232.73,231.34,232.11
2023/12/7,232.2,232.81,230.83,230.83
2023/12/8,231.23,233.19,231.23,232.1
2023/12/11,232.36,233.25,232.06,232.68
2023/12/12,233.06,234.19,233.06,233.37
2023/12/13,233.51,234.7,233.51,233.83
2023/12/14,234.39,236.44,234.29,234.83
2023/12/15,235,236.22,234.8,234.81
2023/12/18,234.84,235.35,233.41,233.41
2023/12/19,233.52,233.93,230.34,231.08
2023/12/20,231.3,232.81,231.3,232.31
2023/12/21,231.78,232.11,230.11,231.63
2023/12/22,231.87,233.22,231.87,232.85
2023/12/25,232.93,233.5,232.05,232.05
2023/12/26,232.22,233.89,232.22,233.89
2023/12/27,234.06,235.22,234.06,234.73
2023/12/28,234.85,235.35,233.72,233.91
2023/12/29,233.99,234.46,233.34,234.01
2024/1/2,234.13,234.96,232.69,233.23
2024/1/3,232.94,232.94,230.69,231.05
2024/1/4,231.14,232.09,229.16,229.44
2024/1/5,229.57,231.19,229.57,230.61
2024/1/8,230.83,232.36,230.4,230.56
2024/1/9,231.04,232.42,229.4,229.48
2024/1/10,229.47,229.68,228.79,229.41
2024/1/11,229.53,231.74,229.53,231.71
2024/1/12,231.6,231.76,230.42,230.47
2024/1/15,230.71,233.21,230.71,233.01
2024/1/16,232.85,232.85,231.3,232.18
2024/1/17,232.23,232.5,228.17,228.57
2024/1/18,228.62,229.8,226.75,228.16
2024/1/19,228.73,230.64,228.73,230.19
2024/1/22,230.75,233,230.75,232.95
2024/1/23,233,234.68,233,234.6
2024/1/24,234.76,236.09,234.76,235.07
2024/1/25,235.23,236.32,234.12,234.3
2024/1/26,234.29,235.24,233.92,234.23
2024/1/29,234.34,236.1,234.29,236.1
2024/1/30,236.17,237.14,235.88,236.61
2024/1/31,236.49,237.86,236.11,237.08
2024/2/1,237.09,238.11,237.06,237.35
2024/2/2,237.76,239.9,237.76,239.12
2024/2/5,239.22,239.8,237.77,238.67
2024/2/15,240.34,242.52,240.02,242.51
2024/2/16,242.58,244.19,242.42,244.11
2024/2/19,243.96,245.36,243.96,245.11
2024/2/20,245.21,246.02,244.63,245.47
2024/2/21,245.6,246.69,244.93,245.44
2024/2/22,246.03,247.5,245.89,247.04
2024/2/23,247.65,248.82,246.58,246.58
2024/2/26,246.79,248.2,246.64,247.97
2024/2/27,248.35,249.9,244.59,246.65
2024/2/29,246.68,249.45,246.68,249.45
2024/3/1,249.83,251.76,249.83,251.37
2024/3/4,251.98,253.88,251.98,252.74
2024/3/5,253.01,254.33,252.15,253.1
2024/3/6,252.79,254.46,252.26,253.89
2024/3/7,254.54,256.6,251.74,252.9
2024/3/8,253.81,255.04,245.98,247.43
2024/3/11,247.41,249.52,247.08,248.63
2024/3/12,248.92,252.16,248.92,252.09
2024/3/13,252.55,254.41,248.05,249.21
2024/3/14,249.37,249.75,245.63,247.96
2024/3/15,247.83,249.42,246.37,246.37
2024/3/18,246.63,249.69,246.63,249.63
2024/3/19,249.66,252.24,249.59,251.01
2024/3/20,251.37,253.34,250.39,250.56
2024/3/21,251.41,253.67,251.41,252.21
2024/3/22,252.14,253.14,250.06,251.17
2024/3/25,251.72,253.42,251.72,252.27
2024/3/26,252.57,253.68,247.06,248.49
2024/3/27,248.74,251.16,248.64,250.94
2024/3/28,250.96,252.66,250.31,250.58
2024/3/29,250.81,252.57,250.77,252.11
2024/4/1,252.46,254.39,252.46,254.03
2024/4/2,254.11,255.22,254.09,254.79
2024/4/3,254.44,255.38,253.05,254.92
2024/4/8,255.43,256.4,254.78,255.93
2024/4/9,256.03,257.07,254.58,254.93
2024/4/10,255.19,256.96,255.19,255.93
2024/4/11,255.78,255.78,254.03,254.66
2024/4/12,255,257.71,255,256.43
2024/4/15,256.11,256.11,252.29,252.5
2024/4/16,252.11,252.11,244.79,245.52
2024/4/17,245.81,250.41,245.81,250.33
2024/4/18,249.94,251.59,249.23,250.68
2024/4/19,250.02,250.02,238.51,242.42
2024/4/22,242.43,243.63,236.73,236.73
2024/4/23,237.38,240.57,237.38,239.26
2024/4/24,239.81,245.02,239.81,244.93
2024/4/25,244.49,244.49,242.57,242.65
2024/4/26,243.23,246.87,243.23,245.36
2024/4/29,245.89,248.72,245.89,248.72
2024/4/30,248.8,249.28,247.84,248.53
2024/5/2,248.7,250.21,247.86,250.2
2024/5/3,251.01,253.26,249.72,249.99
2024/5/6,250.62,252.33,250.6,250.79
2024/5/7,251,252.3,248.69,250.67
2024/5/8,250.83,251.07,250.03,250.59
2024/5/9,250.86,251.36,247.44,247.44
2024/5/10,247.65,248.88,246.43,247.65
2024/5/13,247.79,248.42,245.84,247.12
2024/5/14,247.16,248.01,247.08,247.95
2024/5/15,248.39,250.27,248.13,248.35
2024/5/16,248.71,251.21,248.71,250.36
2024/5/17,250.48,251.51,250.07,251.32
2024/5/20,251.46,252.61,250.26,251.14
2024/5/21,251.29,252.18,249.85,251.27
2024/5/22,251.52,254.58,251.52,253.88
2024/5/23,254,255.22,251.81,251.96
2024/5/24,251.67,254.61,250.17,254.61
2024/5/27,255.04,257.72,255.04,256.84
2024/5/28,257.13,259.6,257.13,259.36
2024/5/29,259.75,261.27,259.46,259.75
2024/5/30,259.56,260.09,257.84,257.92
2024/5/31,258.09,260.18,257.76,257.84
2024/6/3,258.27,260.45,258.27,260.45
2024/6/4,260.46,261.95,258.97,259.19
2024/6/5,259.36,260.65,258.17,259.43
2024/6/6,259.91,261.84,258.46,259.38
2024/6/7,259.51,261.53,259.49,261.37
2024/6/11,261.49,263.06,260.53,261.35
2024/6/12,261.49,264.13,261.49,264.13
2024/6/13,264.51,267.31,264.51,266.17
2024/6/14,266.42,267.47,266.13,266.93
2024/6/17,267.04,268.51,267.04,267.65
2024/6/18,267.9,269.64,267.9,269.04
2024/6/19,269.31,270.9,268.48,268.66
2024/6/20,268.81,271.77,268.81,271.77
2024/6/21,271.59,271.83,270.13,270.76
2024/6/24,270.84,271.11,267.56,267.56
2024/6/25,267.54,268.34,263.59,268.29
2024/6/26,268.6,272.11,268.6,271.14
2024/6/27,270.98,271.29,269.46,269.46
2024/6/28,269.6,273.81,269.6,273.35
2024/7/1,273.72,276.88,273.72,275.57
2024/7/2,275.58,278.06,274.97,276.14
2024/7/3,276.56,278.62,276.44,276.63
2024/7/4,276.51,278.08,276.51,277.31
2024/7/5,277.69,280.69,277.69,280.65
2024/7/8,280.87,282.23,278.08,278.77
2024/7/9,278.78,280.37,273.69,278.06
2024/7/10,278.04,280.59,278.04,279.95
2024/7/11,280.12,282.19,280.12,281.34
2024/7/12,281.01,281.01,278.12,278.46
2024/7/15,278.72,280.26,277.52,278.74
2024/7/16,278.9,280.53,278.9,279.89
2024/7/17,280.01,282.32,280.01,281.21
2024/7/18,280.35,280.35,275.22,276.94
2024/7/19,276.85,277.35,271.63,271.63
2024/7/22,271.62,272.76,262.91,264.16
2024/7/23,264.95,268.55,264.95,267.56
2024/7/26,265.48,265.48,259.76,264.34
2024/7/29,265.66,268.61,260.11,260.11
2024/7/30,259.38,263.36,256.66,263.36
2024/7/31,263.04,264.57,261.36,262.3
2024/8/1,263.1,267.02,263.1,266.91
2024/8/2,265.54,265.54,257.37,257.78
2024/8/5,255.52,255.52,236.19,237.52
2024/8/6,238.56,242.16,225.19,235.51
2024/8/7,235.31,248.15,235.31,247.83
2024/8/8,247.12,248.89,244.27,246.71
2024/8/9,248.22,254.29,248.22,252.27
2024/8/12,252.98,256.36,252.98,255.51
2024/8/13,255.67,257.34,254.21,256.99
2024/8/14,257.8,262.44,257.8,260.23
2024/8/15,260.3,263.11,259.92,262.25
2024/8/16,263.11,266.85,263.11,266.24
2024/8/19,266.5,269.2,266.33,268.88
2024/8/20,269.36,271.88,269.36,270.08
2024/8/21,270.01,270.59,267.53,268.38
2024/8/22,268.61,270.75,268.61,269.76
2024/8/23,269.51,271.68,267.86,271.68
2024/8/26,272.07,274.17,269.71,269.71
2024/8/27,269.66,272.61,269.66,272.43
2024/8/28,272.5,273.9,271.59,272.62
2024/8/29,272.02,273.79,270.67,273.32
2024/8/30,273.48,275.8,273.48,274.58
2024/9/2,274.91,276.62,272.56,272.56
2024/9/3,272.61,274.1,270.86,270.86
2024/9/4,268.5,268.5,256.6,262.06
2024/9/5,262.62,265.67,260.89,261.21
2024/9/6,261.57,263.82,261.15,261.8
2024/9/9,260.71,261.05,258.14,260.59
2024/9/10,261.07,263.71,254.96,256
2024/9/11,256.28,257.42,256.08,257.02
2024/9/12,257.86,262.63,257.86,262.12
2024/9/13,262.35,264.3,262.35,264.3
2024/9/16,264.6,265.64,264.05,265.08
2024/9/18,265.17,266.72,263,263
2024/9/19,263.2,267.87,263.2,267.76
2024/9/20,267.95,270.25,266.94,267.01
2024/9/23,267.04,268.52,267.04,267.37
2024/9/24,267.26,268.13,265.24,266.41
2024/9/25,266.99,271.19,266.99,270.18
2024/9/26,270.59,273.23,270.59,270.98
2024/9/27,271.31,273.42,270.34,270.34
2024/9/30,270.35,270.63,268.45,268.45
2024/10/1,268.89,270.72,268.7,270.28
2024/10/4,270.25,270.26,266.92,267.72
2024/10/7,268.23,271.11,268.23,271.02
2024/10/8,271,271,268.19,269.78
2024/10/9,270.21,271.94,267.92,267.95
2024/10/11,268.26,269.99,268.26,269.45
2024/10/14,269.29,270.26,268.21,270.26
2024/10/15,270.5,272.68,270.5,270.8
2024/10/16,270.33,271.14,268.97,270.37
2024/10/17,270.44,272.41,270.44,271.78
2024/10/18,272.11,274.08,268.41,268.69
2024/10/21,268.83,272.68,268.83,272.46
2024/10/22,272.49,273.55,272.08,273.55
2024/10/23,273.64,275.44,273.26,274.07
2024/10/24,274.16,274.52,270.18,270.23
2024/10/25,270.55,271.85,269.37,270.11
2024/10/28,270.25,271.18,266.57,266.99
2024/10/29,266.9,266.9,263.06,264.37
2024/10/30,264.62,266.35,264.1,264.22
2024/11/1,263.7,264.94,259.02,264.94
2024/11/4,264.95,265.44,263.34,263.94
2024/11/5,263.87,265.34,263.7,263.74
2024/11/6,263.79,265.8,263.79,265.09
2024/11/7,265.28,267.68,265.28,267.58
2024/11/8,268.08,269.55,266.27,266.53
2024/11/11,266.55,267.32,264.85,265.55
2024/11/12,265.16,265.16,260.29,260.46
2024/11/13,260.39,261.53,260.03,260.03
2024/11/14,260.3,260.67,256.17,256.17
2024/11/15,256.37,258.73,256.19,256.45
2024/11/18,256.37,256.37,251.78,251.78
2024/11/19,252.02,256.45,252.02,256.29
2024/11/20,256.58,257.77,255.38,255.82
2024/11/21,255.83,258.49,255.75,257.95
2024/11/22,258.32,260.44,258.32,259.58
2024/11/25,260.03,262.48,260.03,261.8
2024/11/26,261.63,261.63,259.72,259.72
2024/11/27,259.98,260.83,255.4,255.4
2024/11/28,255.44,255.87,250.46,252.82
2024/11/29,252.57,256.95,251.31,256.72
2024/12/2,256.87,258.84,256.87,257.84
2024/12/3,258.3,260.3,258.3,259.11
2024/12/4,259.13,262.62,259.13,262.6
2024/12/5,262.77,264.25,262.77,263.39
2024/12/6,263.36,263.74,261.02,261.52
2024/12/9,261.44,262.28,259.85,260.47
2024/12/10,260.51,261.66,258.17,258.21
2024/12/11,257.9,259.33,257.53,257.78
2024/12/12,258.21,260.24,257.38,257.38
2024/12/13,257.35,257.83,254.79,255.29
2024/12/16,255.54,256.45,250.1,250.1
2024/12/17,250.3,254.16,250.3,253.83
2024/12/18,253.83,255.12,252.75,255.12
2024/12/19,254.45,254.73,251.74,254.73
2024/12/20,254.79,256.55,252.39,252.39
2024/12/23,252.86,255.49,252.86,254.18
2024/12/24,254.45,257.45,254.45,255.3
2024/12/25,255.5,257.15,255.5,256.41
2024/12/26,256.58,258.12,256.58,257.18
2024/12/27,257.31,257.69,256.1,256.1
2024/12/30,256.14,256.63,254.32,254.32
2024/12/31,254.3,255.84,252.95,255.84
2025/1/2,255.78,256.17,252.58,252.69
2025/1/3,252.9,254.61,252.32,252.35
2025/1/6,252.78,255.42,252.78,255.31
2025/1/7,255.65,257.83,255.65,256.88
2025/1/8,256.65,257.31,255.43,256.08
2025/1/9,256.14,256.26,250.81,250.81
2025/1/10,250.98,252.32,249.76,250.14
2025/1/13,250.02,250.02,241.9,242.35
2025/1/14,242.55,245.5,242.55,245.5
2025/1/15,245.59,247.27,244.54,244.74
2025/1/16,245.74,249.73,245.74,249.57
2025/1/17,249.89,250.61,247.76,248.05
2025/1/20,248.04,251.55,248.04,251.55
2025/1/21,251.57,252.31,251.04,251.04
2025/1/22,251.35,253.01,251.17,252.95
2025/2/3,251.31,251.31,244.41,246.17
2025/2/4,246.38,247.68,244.83,246.04
2025/2/5,246.34,250.25,246.34,250.25
2025/2/6,250.62,252.72,250.62,252.48
2025/2/7,252.57,255.63,252.57,255.54
2025/2/10,255.39,255.39,253.12,253.57
2025/2/11,253.92,255.56,253.92,254.01
2025/2/12,254.29,255.99,253.06,253.12
2025/2/13,253.29,255.47,253.29,255.08
2025/2/14,255.32,256.44,254.77,254.81
2025/2/17,255.05,257.73,255.05,257.63
2025/2/18,257.81,260.75,257.81,260.75
2025/2/19,260.67,262.99,260.67,261.66
2025/2/20,261.8,263.21,261.35,261.64
2025/2/21,261.61,263.43,261.61,263.43
2025/2/24,263.19,264.03,261.83,264.03
2025/2/25,263.82,263.82,261.56,262.51
2025/2/26,262.52,263.28,261.6,262.22
2025/2/27,262.5,264.29,259.86,259.92
2025/3/3,259.37,259.37,255.89,256.01
2025/3/4,255.34,257.29,251.12,256.89
2025/3/5,257.1,260.42,257.1,259.99
2025/3/6,260.17,262.2,260.17,260.31
2025/3/7,260.1,260.19,257.06,257.23
2025/3/10,257.39,258.37,255.29,255.29
2025/3/11,254.04,254.04,246.99,251.52
2025/3/12,251.82,254.43,251.72,252.11
2025/3/13,252.6,255.04,249.3,249.3
2025/3/14,249.42,250.35,247.75,249.96
2025/3/17,250.48,252.59,250.48,250.78
2025/3/18,251.14,253.49,251.14,253.3
2025/3/19,253.35,253.69,250.6,250.62
2025/3/20,251.01,254.58,251.01,254.45
